,fecd,bm25,dtfipf
s/n,0.541666667,0.272727273,0.213235294
n,24,44,68
#of0,11,26,53
#of1,13,6,14
#of0.5,0,12,1
pof0,0.458333333,0.590909091,0.779411765
pof1,0.541666667,0.136363636,0.205882353
pof0.5,0,0.272727273,0.014705882
section,8.4,8.4,8.4
